# Pre-Requsites
# Assuming Candidates are familiar with “Group by” and “Grouping functions” because these are used along with JOINS in the questionnaire. 



Table Definitions:

1. BANK_CUSTOMER - Details of Customers of the Bank
2. BANK_CUSTOMER_EXPORT - Details of Customers of the Bank - to be used only when explicitly asked.
3. Bank_Account_Details - Account Details of the customers along with ADD on cards. One customer can have multiple details for Savings deposits, Recurring deposits, Credit Cards and Add on credit cards.
4. Bank_Account_Relationship_Details - Details of secondary accounts linked to primary accounts.
5. BANK_ACCOUNT_TRANSACTION - Details of the transactions.
6. BANK_CUSTOMER_MESSAGES - Details of Messages sent to customers after a transaction takes place.
7. BANK_INTEREST_RATE - Current interest rates for savings, RD and other accounts.
8. Bank_Holidays - Details of Bank Holidays.


# Create below DB objects 
create database Inclass
use Inclass;
CREATE TABLE BANK_CUSTOMER 
( customer_id INT PRIMARY KEY,
customer_name VARCHAR(20),
Address 	VARCHAR(20),
state_code  VARCHAR(3) ,    	 
Telephone   VARCHAR(10)	);

desc Bank_Customer
				
INSERT INTO BANK_CUSTOMER VALUES (123001,"Oliver", "225-5, Emeryville", "CA" , "1897614500");
INSERT INTO BANK_CUSTOMER VALUES (123002,"George", "194-6,New brighton","MN" , "1897617000");
INSERT INTO BANK_CUSTOMER VALUES (123003,"Harry", "2909-5,walnut creek","CA" , "1897617866");
INSERT INTO BANK_CUSTOMER VALUES (123004,"Jack", "229-5, Concord",  	"CA" , "1897627999");
INSERT INTO BANK_CUSTOMER VALUES (123005,"Jacob", "325-7, Mission Dist","SFO", "1897637000");
INSERT INTO BANK_CUSTOMER VALUES (123006,"Noah", "275-9, saint-paul" ,  "MN" , "1897613200");
INSERT INTO BANK_CUSTOMER VALUES (123007,"Charlie","125-1,Richfield",   "MN" , "1897617666");
INSERT INTO BANK_CUSTOMER VALUES (123008,"Robin","3005-1,Heathrow", 	"NY" , "1897614000");

select*from Bank_Customer


CREATE TABLE BANK_CUSTOMER_EXPORT 
( 
customer_id CHAR(10)PRIMARY KEY,
customer_name CHAR(20),
Address CHAR(20),
state_code  CHAR(3) ,    	 
Telephone  CHAR(10));
    
desc Bank_Customer_Export

INSERT INTO BANK_CUSTOMER_EXPORT VALUES ("123001 ","Oliver", "225-5, Emeryville", "CA" , "1897614500") ;
INSERT INTO BANK_CUSTOMER_EXPORT VALUES ("123002 ","George", "194-6,New brighton","MN" , "189761700");


#Bank_Account_details table

CREATE TABLE Bank_Account_Details
(Customer_id INT,
Account_Number VARCHAR(19) PRIMARY KEY,
Account_type VARCHAR(25) ,
Balance_amount INT,
Account_status VARCHAR(10),             	 
Relationship_type varchar(1)) ;

desc bank_account_details
ALTER TABLE Bank_Account_Details ADD FOREIGN KEY (Customer_id) REFERENCES bank_customer(Customer_id);

INSERT INTO Bank_Account_Details  VALUES (123001, "4000-1956-3456",  "SAVINGS" , 200000 ,"ACTIVE","P");
INSERT INTO Bank_Account_Details  VALUES (123001, "5000-1700-3456", "RECURRING DEPOSITS" ,9400000 ,"ACTIVE","S");  
INSERT INTO Bank_Account_Details  VALUES (123002, "4000-1956-2001",  "SAVINGS", 400000 ,"ACTIVE","P");
INSERT INTO Bank_Account_Details  VALUES (123002, "5000-1700-5001",  "RECURRING DEPOSITS" ,7500000 ,"ACTIVE","S");
INSERT INTO Bank_Account_Details  VALUES (123003, "4000-1956-2900",  "SAVINGS" ,750000,"INACTIVE","P");
INSERT INTO Bank_Account_Details  VALUES (123004, "5000-1700-6091", "RECURRING DEPOSITS" ,7500000 ,"ACTIVE","S");
INSERT INTO Bank_Account_Details  VALUES (123004, "4000-1956-3401",  "SAVINGS" , 655000 ,"ACTIVE","P");
INSERT INTO Bank_Account_Details  VALUES (123005, "4000-1956-5102",  "SAVINGS" , 300000 ,"ACTIVE","P");
INSERT INTO Bank_Account_Details  VALUES (123006, "4000-1956-5698",  "SAVINGS" , 455000 ,"ACTIVE" ,"P");
INSERT INTO Bank_Account_Details  VALUES (123007, "5000-1700-9800",  "SAVINGS" , 355000 ,"ACTIVE" ,"P");
INSERT INTO Bank_Account_Details  VALUES (123007, "4000-1956-9977",  "RECURRING DEPOSITS" , 7025000,"ACTIVE" ,"S");
INSERT INTO Bank_Account_Details  VALUES (123007, "9000-1700-7777-4321",  "Credit Card"	,0  ,"INACTIVE", "P");
INSERT INTO Bank_Account_Details  VALUES (123007, '5900-1900-9877-5543', "Add-on Credit Card" ,   0   ,"ACTIVE", "S");
INSERT INTO Bank_Account_Details  VALUES (123008, "5000-1700-7755",  "SAVINGS"   	,0   	,"INACTIVE","P");
INSERT INTO Bank_Account_Details  VALUES (123006, '5800-1700-9800-7755', "Credit Card"   ,0   	,"ACTIVE", "P");
INSERT INTO Bank_Account_Details  VALUES (123006, '5890-1970-7706-8912', "Add-on Credit Card"   ,0   	,"ACTIVE", "S");
INSERT INTO Bank_Account_Details VALUES (123004,'5000-1700-7791','RECURRING DEPOSITS',40000,'ACTIVE','S');

select* from bank_account_details
# CREATE TABLE Bank_Account_Relationship_Details

CREATE TABLE Bank_Account_Relationship_Details
( Customer_id INT ,
Account_Number VARCHAR(19) PRIMARY KEY ,
Account_type VARCHAR(25),
Linking_Account_Number VARCHAR(19) 
);
desc Bank_Account_Relationship_Details

ALTER TABLE Bank_Account_Relationship_Details ADD FOREIGN KEY (Customer_id) REFERENCES bank_customer(Customer_id);
ALTER TABLE Bank_Account_Relationship_Details ADD FOREIGN KEY (Linking_Account_Number) REFERENCES bank_account_details(Account_Number);

								
INSERT INTO Bank_Account_Relationship_Details  VALUES (123001, "4000-1956-3456",  "SAVINGS" , NULL);
INSERT INTO Bank_Account_Relationship_Details  VALUES (123001, "5000-1700-3456",  "RECURRING DEPOSITS" , "4000-1956-3456");  
INSERT INTO Bank_Account_Relationship_Details  VALUES (123002, "4000-1956-2001",  "SAVINGS" , NULL );
INSERT INTO Bank_Account_Relationship_Details  VALUES (123002, "5000-1700-5001",  "RECURRING DEPOSITS" , "4000-1956-2001" );
INSERT INTO Bank_Account_Relationship_Details  VALUES (123003, "4000-1956-2900",  "SAVINGS" , NULL );
INSERT INTO Bank_Account_Relationship_Details  VALUES (123004, "5000-1700-6091",  "RECURRING DEPOSITS" , "4000-1956-2900" );
INSERT INTO Bank_Account_Relationship_Details  VALUES (123004, "5000-1700-7791",  "RECURRING DEPOSITS" , "4000-1956-2900" );
INSERT INTO Bank_Account_Relationship_Details  VALUES (123007, "5000-1700-9800",  "SAVINGS" , NULL);
INSERT INTO Bank_Account_Relationship_Details  VALUES (123007, "4000-1956-9977",  "RECURRING DEPOSITS" , "5000-1700-9800" );
INSERT INTO Bank_Account_Relationship_Details  VALUES (NULL, "9000-1700-7777-4321",  "Credit Card" , "5000-1700-9800" );
INSERT INTO Bank_Account_Relationship_Details  VALUES (NULL, '5900-1900-9877-5543', 'Add-on Credit Card', '9000-1700-7777-4321' );
INSERT INTO Bank_Account_Relationship_Details  VALUES (NULL, '5800-1700-9800-7755', 'Credit Card', '4000-1956-5698' );
INSERT INTO Bank_Account_Relationship_Details  VALUES (NULL, '5890-1970-7706-8912', 'Add-on Credit Card', '5800-1700-9800-7755' );

select*from Bank_Account_Relationship_Details
# CREATE TABLE BANK_ACCOUNT_TRANSACTION

CREATE TABLE BANK_ACCOUNT_TRANSACTION 
(  
Account_Number VARCHAR(19),
Transaction_amount Decimal(18,2) , 
Transcation_channel VARCHAR(18) ,
Province varchar(3) , 
Transaction_Date Date
) ;
desc BANK_ACCOUNT_TRANSACTION 
ALTER TABLE Bank_Account_Transaction ADD FOREIGN KEY (Account_number) REFERENCES Bank_Account_Details(Account_Number);

INSERT INTO BANK_ACCOUNT_TRANSACTION VALUES ( "4000-1956-3456",  -2000, "ATM withdrawl" , "CA", "2020-01-13");
INSERT INTO BANK_ACCOUNT_TRANSACTION VALUES ( "4000-1956-2001",  -4000, "POS-Walmart"   , "MN", "2020-02-14");
INSERT INTO BANK_ACCOUNT_TRANSACTION VALUES ( "4000-1956-2001",  -1600, "UPI transfer"  , "MN", "2020-01-19");
INSERT INTO BANK_ACCOUNT_TRANSACTION VALUES ( "4000-1956-2001",  -6000, "Bankers cheque", "CA", "2020-03-23");
INSERT INTO BANK_ACCOUNT_TRANSACTION VALUES ( "4000-1956-2001",  -3000, "Net banking"   , "CA", "2020-04-24");
INSERT INTO BANK_ACCOUNT_TRANSACTION VALUES ( "4000-1956-2001",  23000, "cheque deposit", "MN", "2020-03-15");
INSERT INTO BANK_ACCOUNT_TRANSACTION VALUES ( "5000-1700-6091",  40000, "ECS transfer"  , "NY", "2020-02-19");
INSERT INTO BANK_ACCOUNT_TRANSACTION VALUES ( "5000-1700-7791",  40000, "ECS transfer"  , "NY", "2020-02-19");
INSERT INTO BANK_ACCOUNT_TRANSACTION VALUES ( "4000-1956-3401",   8000, "Cash Deposit"  , "NY", "2020-01-19");
INSERT INTO BANK_ACCOUNT_TRANSACTION VALUES ( "4000-1956-5102",  -6500, "ATM withdrawal" , "NY", "2020-03-14");
INSERT INTO BANK_ACCOUNT_TRANSACTION VALUES ( "4000-1956-5698",  -9000, "Cash Deposit"  , "NY", "2020-03-27");
INSERT INTO BANK_ACCOUNT_TRANSACTION VALUES ( "4000-1956-9977",  50000, "ECS transfer"  , "NY", "2020-01-16");
INSERT INTO BANK_ACCOUNT_TRANSACTION VALUES ( "9000-1700-7777-4321",  -5000, "POS-Walmart", "NY", "2020-02-17");
INSERT INTO BANK_ACCOUNT_TRANSACTION VALUES ( "9000-1700-7777-4321",  -8000, "Shopping Cart", "MN", "2020-03-13");
INSERT INTO BANK_ACCOUNT_TRANSACTION VALUES ( "9000-1700-7777-4321",  -2500, "Shopping Cart", "MN", "2020-04-21");
INSERT INTO BANK_ACCOUNT_TRANSACTION VALUES ( "5800-1700-9800-7755", -9000, "POS-Walmart","MN", "2020-04-13");
INSERT INTO BANK_ACCOUNT_TRANSACTION VALUES ( '5890-1970-7706-8912', -11000, "Shopping Cart" , "NY" , "2020-03-12") ;

select*from bank_account_transaction


# CREATE TABLE BANK_CUSTOMER_MESSAGES

CREATE TABLE BANK_CUSTOMER_MESSAGES 
(  
Event VARCHAR(24),
Customer_message VARCHAR(75),
Notice_delivery_mode VARCHAR(15)) ;

desc BANK_CUSTOMER_MESSAGES 
INSERT INTO BANK_CUSTOMER_MESSAGES VALUES ( "Adhoc", "All Banks are closed due to announcement of National strike", "mobile" ) ;
INSERT INTO BANK_CUSTOMER_MESSAGES VALUES ( "Transaction Limit", "Only limited withdrawals per card are allowed from ATM machines", "mobile" );
select*from BANK_CUSTOMER_MESSAGES 

INSERT INTO `bank_account_transaction`(`Account_Number`, `Transaction_amount`, `Transcation_channel`, `Province`, `Transaction_Date`) VALUES
('4000-1956-9977' ,    10000.00     ,'ECS transfer',     'MN' ,    '2020-02-16' ) ;

-- inserted for queries after 17th  
INSERT INTO `bank_account_transaction`(`Account_Number`, `Transaction_amount`, `Transcation_channel`, `Province`, `Transaction_Date`) VALUES
('4000-1956-9977' ,    40000.00     ,'ECS transfer',     'MN' ,    '2020-03-18' ) ;

INSERT INTO `bank_account_transaction`(`Account_Number`, `Transaction_amount`, `Transcation_channel`, `Province`, `Transaction_Date`) VALUES
('4000-1956-9977' ,    60000.00     ,'ECS transfer',     'MN' ,    '2020-04-18' ) ;

INSERT INTO `bank_account_transaction`(`Account_Number`, `Transaction_amount`, `Transcation_channel`, `Province`, `Transaction_Date`) VALUES
('4000-1956-9977' ,    20000.00     ,'ECS transfer',     'MN' ,    '2020-03-20' ) ;

-- inserted for queries after 24th 

INSERT INTO `bank_account_transaction`(`Account_Number`, `Transaction_amount`, `Transcation_channel`, `Province`, `Transaction_Date`) VALUES
('4000-1956-9977' ,    49000.00     ,'ECS transfer',     'MN' ,    '2020-06-18' ) ;




# CREATE TABLE BANK_INTEREST_RATE

CREATE TABLE BANK_INTEREST_RATE(  
account_type varchar(24)PRIMARY KEY,
interest_rate decimal(4,2),
month varchar(2),
year  varchar(4)
)	;

INSERT  INTO BANK_INTEREST_RATE VALUES ( "SAVINGS" , 0.04 , '02' , '2020' );
INSERT  INTO BANK_INTEREST_RATE VALUES ( "RECURRING DEPOSITS" , 0.07, '02' , '2020' );
INSERT  INTO BANK_INTEREST_RATE VALUES   ( "PRIVILEGED_INTEREST_RATE" , 0.08 , '02' , '2020' );
select*from BANK_INTEREST_RATE
# Bank_holidays:

Create table Bank_Holidays (
Holiday  date PRIMARY KEY,
Start_time datetime ,
End_time timestamp);

Insert into bank_holidays values ( '2020-05-20','2020-05-20','2020-05-20' ) ;

Insert into bank_holidays values( '2020-03-13' ,'2020-03-13' ,'2020-03-13' ) ;
select*from bank_holidays ;

show tables;

############################################ Questions ############################################


# Question 1:
# 1) Print customer Id, customer name and average account_balance maintained by each customer for all 
# of his/her accounts in the bank.
select a.customer_id,a.customer_name,avg(b.balance_amount) from bank_customer a join bank_account_details b
on a.customer_id=b.customer_id group by customer_name;

# Question 2:
# 2) Print customer_id , account_number and balance_amount for all the accounts.
# for account_type = "Credit Card" apply the condition that if balance_amount is nil then assign transaction_amount 

Select distinct customer_id , b1.account_number,b1.account_type,
Case when (b1.account_type='Credit_Card' and balance_amount= 0 )
then Transaction_amount 
else balance_amount 
end  as balance_amount
from Bank_Account_Details b1  
join
bank_account_transaction b2
on b1.account_number = b2.account_number;



# Question 3:
# 3) Print account_number and balance_amount , transaction_amount,Transaction_Date from Bank_Account_Details and 
# bank_account_transaction for all the transactions occurred during march,2020 and april, 2020

select  t1.account_number ,balance_amount,transaction_amount,transaction_date
from  bank_account_details t1 
join bank_account_transaction t2 using(account_number)
where transaction_date between "2020-03-01" and "2020-04-30"; 


# Question 4:
# 4) Print all the customer ids, account number,  balance_amount, transaction_amount , Transaction_Date 
# from bank_customer, Bank_Account_Details and bank_account_transaction tables where excluding 
# all of their transactions in march, 2020  month

select c.customer_id,a.account_number,a.balance_amount,t.transaction_amount,t.transaction_date 
from bank_customer c join bank_account_details a using (customer_id) 
join bank_account_transaction t using (account_number) where t.transaction_date not between '2020-03-01' and '2020-03-31';

# Question 5:
# 5) Print the customer ids, account_number, balance_amount,transaction_amount ,transaction_date who did transactions 
# during the first quarter. Do not display the accounts if they have not done any transactions in the first quarter.

Select b1.Customer_id, b1.Account_Number, Balance_amount , transaction_amount , transaction_date 
from Bank_Account_Details b1  Inner join bank_account_transaction b2 on b1.account_number = b2.account_number
And ( date_format(Transaction_Date , '%Y-%m') <= "2020-03" );

# Question 6:
# 6) Print account_number, Event and Customer_message from BANK_CUSTOMER_MESSAGES and Bank_Account_Details to 
# display an “Adhoc" Event for all customers who have  “SAVINGS" account_type account.

SELECT Account_Number, Event , Customer_message 
FROM Bank_Account_Details 
CROSS JOIN 
BANK_CUSTOMER_MESSAGES 
ON Event  = "Adhoc"  And ACCOUNT_TYPE = "SAVINGS";


# Question 7:
# 7) Print all the Customer_ids, Account_Number, Account_type, and display deducted balance_amount by  
# subtracting only negative transaction_amounts for Relationship_type =
#  "P" ( P - means  Primary , S - means Secondary ) .


SELECT b1.Customer_id,b1.Account_Number,b1.account_type,
if(t.transaction_amount<0,(b1.balance_amount-t.transaction_amount),b1.balance_amount)as balance
from bank_account_details b1
inner join bank_account_transaction t on b1.account_number=t.account_number
where b1.relationship_type='P';

# Question 8:
# a) Display records of All Accounts , their Account_types, the balance amount.
# b) Along with first step, Display other columns with corresponding linking account number, account types 

SELECT  ba.Account_Number as primary_account , ba.Account_type as primary_account_type, 
br.Account_Number as Seconday_account, br.Account_type as Seconday_account_type
FROM bank_Account_Details ba  
LEFT JOIN bank_account_relationship_details br
ON ba.account_number = br.linking_account_number;


# Question 9:
# a) Display records of All Accounts , their Account_types, the balance amount.
# b) Along with first step, Display other columns with corresponding linking account number, account types 
# c) After retrieving all records of accounts and their linked accounts, display the  
# transaction amount of accounts appeared  in another column.

SELECT ba.Account_Number as primary_account_number , ba.Account_type as primary_account_type,
 br.Account_Number as secondary_account_number, br.Account_type as secondary_account_type,bt.transaction_Amount
from bank_Account_Details ba
LEFT JOIN bank_account_relationship_details br
on ba.Account_Number = br.Linking_Account_Number
LEFT JOIN bank_account_transaction bt
on ba.Account_Number  = bt.Account_Number;


# Question 10:
# 10) Display all account holders from Bank_Accounts_Details table who have “Add-on Credit Cards" and “Credit cards" 

SELECT *from bank_account_details where account_type in ("Add-on Credit Card" , "Credit card" );


# Question 11:
# 11)  Display  records of “SAVINGS” accounts linked with “Credit card" account_type and its credit
# aggregate sum of transaction amount.

# Ref: Use bank_Account_Details for Credit card types
		#Check linking relationship in bank_transaction_relationship_details.
        # Check transaction_amount in bank_account_transaction. 


select a.customer_id,a.account_number,a.account_type,r.linking_account_number,r.account_type,sum(t.transaction_amount)
from Bank_Account_Details a join bank_account_relationship_details r on (a.account_number=r.Linking_Account_Number) 
join bank_account_transaction t on r.account_number=t.account_number
where a.account_type='savings' and r.account_type='credit card'
group by a.account_number;


# Question 12:
# 12) Display all type of “Credit cards”  accounts including linked “Add-on Credit Cards" 
# type accounts with their respective aggregate sum of transaction amount.

# Ref: Check Bank_Account_Details_table for all types of credit card.
# Check transaction_amount in bank_account_transaction. 

Select a2.Account_Number  as Credit_account_number,
a1.Account_type	as Credit_Card_account_type,
 sum(a2.Transaction_amount) as  Credit_Account_transaction_amount
FROM bank_account_details a1
JOIN bank_account_transaction a2
on a1.Account_Number = a2.Account_Number
Where a1.Account_type  like '%Credit%'    
group by a1.Account_Number;
	
# Question 13:
# 13) Display “SAVINGS” accounts and their corresponding aggregate sum of transaction amount 
# of all recurring deposits

SELECT br1.Account_Number  Primary_account_number, br1.Account_type	Primary_account_type,  
sum(bt2.Transaction_amount)  recurring_deposit_balance
FROM bank_account_details br1 JOIN bank_account_relationship_details br2
ON  br1.Account_Number = br2.Linking_Account_Number JOIN bank_account_transaction bt2
on bt2.Account_Number = br2.Account_Number where br1.account_type='savings' and  br2.Account_type like 'RECURRING DEPOSITS'
group by br1.Account_Number, br2.account_number;

# Question 14:
# 14) Display recurring deposits and their transaction amounts in  Feb 2020  along with 
# associated SAVINGS account_number , balance. 

select t1.account_number as primary_account_number,
t1.account_type as primary_account_type,t1.balance_amount,
sum(t3.transaction_amount) as credited_amount from 
Bank_Account_Details t1
join bank_account_relationship_details t2
on t1.account_number = t2.linking_account_number
join bank_account_transaction t3 on
t2.account_number= t3.account_number
where t1.account_type = 'recurring deposits' and t2.account_type = "Savings" and 
month(t3.transaction_date)=2
group by t3.account_number;


# Question 15:
# 15) Display every account's total no of transactions for every year and each month.
  
select a.account_number,count(t.account_number),year(t.transaction_date),month(t.transaction_date) 
from bank_account_details a join bank_account_transaction t using (account_number)
group by year(t.transaction_date),month(t.transaction_date);